{"cameraMode":{"drawMode":0,"name":"Shaded","section":"Shading Mode"},"sceneLighting":false,"audioPlay":false,"sceneViewState":{"showFog":true,"showMaterialUpdate":false,"showSkybox":true,"showFlares":true,"showImageEffects":true,"showParticleSystems":true},"in2DMode":false,"pivot":{"x":0.025364458560943605,"y":0.05095314979553223,"z":0.05094599723815918},"rotation":{"x":0.15781141817569734,"y":0.6219675540924072,"z":-0.1298486590385437,"w":0.7559042572975159},"size":15.516091346740723,"orthographic":false}