{"cameraMode":{"drawMode":0,"name":"Shaded","section":"Shading Mode"},"sceneLighting":false,"audioPlay":false,"sceneViewState":{"showFog":true,"showMaterialUpdate":false,"showSkybox":true,"showFlares":true,"showImageEffects":true,"showParticleSystems":true},"in2DMode":false,"pivot":{"x":4.656612873077393e-10,"y":0.008635029196739197,"z":-9.313225746154786e-10},"rotation":{"x":0.2590028941631317,"y":-0.6025481820106506,"z":0.21573342382907868,"w":0.7234033346176148},"size":0.035139214247465137,"orthographic":false}