{"cameraMode":{"drawMode":0,"name":"Shaded","section":"Shading Mode"},"sceneLighting":false,"audioPlay":false,"sceneViewState":{"showFog":true,"showMaterialUpdate":false,"showSkybox":true,"showFlares":true,"showImageEffects":true,"showParticleSystems":true},"in2DMode":false,"pivot":{"x":4.267881393432617,"y":1.856236457824707,"z":17.926986694335939},"rotation":{"x":0.13470418751239777,"y":0.8608362078666687,"z":-0.2966062128543854,"w":0.39094841480255129},"size":6.834623336791992,"orthographic":false}