{"cameraMode":{"drawMode":0,"name":"Shaded","section":"Shading Mode"},"sceneLighting":false,"audioPlay":false,"sceneViewState":{"showFog":true,"showMaterialUpdate":false,"showSkybox":true,"showFlares":true,"showImageEffects":true,"showParticleSystems":true},"in2DMode":false,"pivot":{"x":0.7200000286102295,"y":1.3200000524520875,"z":6.050000190734863},"rotation":{"x":0.2590028941631317,"y":-0.6025481820106506,"z":0.21573342382907868,"w":0.7234033346176148},"size":2.8578836917877199,"orthographic":false}