{"cameraMode":{"drawMode":0,"name":"Shaded","section":"Shading Mode"},"sceneLighting":false,"audioPlay":false,"sceneViewState":{"showFog":true,"showMaterialUpdate":false,"showSkybox":true,"showFlares":true,"showImageEffects":true,"showParticleSystems":true},"in2DMode":false,"pivot":{"x":4.975613117218018,"y":0.12312817573547363,"z":17.932483673095704},"rotation":{"x":0.13470418751239777,"y":0.8608362078666687,"z":-0.2966062128543854,"w":0.39094841480255129},"size":4.997957706451416,"orthographic":false}