{"cameraMode":{"drawMode":0,"name":"Shaded","section":"Shading Mode"},"sceneLighting":false,"audioPlay":false,"sceneViewState":{"showFog":true,"showMaterialUpdate":false,"showSkybox":true,"showFlares":true,"showImageEffects":true,"showParticleSystems":true},"in2DMode":false,"pivot":{"x":7.515506744384766,"y":0.0,"z":17.678768157958986},"rotation":{"x":0.13470418751239777,"y":0.8608362078666687,"z":-0.2966062128543854,"w":0.39094841480255129},"size":4.9671101570129398,"orthographic":false}